<?xml version="1.0" encoding="UTF-8"?>
<!DOCTYPE suite SYSTEM "https://testng.org/testng-1.0.dtd">
<suite name="Suite">
  
 <test  name="Test1">
   
  <groups>
  
  <define name="dailytest">
  <include name="smoke"></include>
  <include name="functional"></include>
  </define>
  
  
  <run>
  <include name="dailytest"></include>
  </run>
  </groups>
 <classes>
      <class name="TestNG_Ex.example.NewTest2"/>
    </classes>
  </test> 
  
   <test  name="Test2">
   
    <classes>
      <class name="TestNG_Ex.example.NewTest3"/>
    </classes>
  </test> 
  
</suite> 